{
  "__type__": "cc.AnimationClip",
  "_name": "explosion",
  "_objFlags": 0,
  "_native": "",
  "_duration": 0.8,
  "sample": 10,
  "speed": 1,
  "wrapMode": 1,
  "curveData": {
    "comps": {
      "cc.Sprite": {
        "spriteFrame": [
          {
            "frame": 0,
            "value": {
              "__uuid__": "50f53c6c-9098-402b-84b2-c1e09ef9d52b"
            }
          },
          {
            "frame": 0.1,
            "value": {
              "__uuid__": "508f72c9-b7cf-483e-bc6a-82eb1a0e5a44"
            }
          },
          {
            "frame": 0.2,
            "value": {
              "__uuid__": "d73fc56b-a39c-479b-bf82-bf7a0bff175e"
            }
          },
          {
            "frame": 0.3,
            "value": {
              "__uuid__": "b7c09be6-fc42-4ab9-8e2b-31c75698629b"
            }
          },
          {
            "frame": 0.4,
            "value": {
              "__uuid__": "778b190c-1b8a-4438-b047-1f8445f126f4"
            }
          },
          {
            "frame": 0.5,
            "value": {
              "__uuid__": "828e8635-8a14-4053-bcc3-8dcf70331578"
            }
          },
          {
            "frame": 0.6,
            "value": {
              "__uuid__": "81575e73-6f21-4889-93dd-320014d8ac84"
            }
          }
        ]
      }
    }
  },
  "events": [
    {
      "frame": 0.8,
      "func": "onFlyingAniFinished",
      "params": []
    }
  ]
}