{
  "__type__": "cc.TextAsset",
  "_name": "Bush",
  "_objFlags": 0,
  "_native": "",
  "text": "<?xml version=\"1.0\" encoding=\"UTF-8\"?>\r\n<tileset version=\"1.5\" tiledversion=\"1.7.0\" name=\"Bush - 60F\" tilewidth=\"128\" tileheight=\"128\" tilecount=\"64\" columns=\"8\">\r\n <image source=\"Bush - 60F.png\" width=\"1024\" height=\"1024\"/>\r\n <tile id=\"0\">\r\n  <animation>\r\n   <frame tileid=\"0\" duration=\"100\"/>\r\n   <frame tileid=\"1\" duration=\"100\"/>\r\n   <frame tileid=\"2\" duration=\"100\"/>\r\n   <frame tileid=\"3\" duration=\"100\"/>\r\n   <frame tileid=\"4\" duration=\"100\"/>\r\n   <frame tileid=\"5\" duration=\"100\"/>\r\n   <frame tileid=\"6\" duration=\"100\"/>\r\n   <frame tileid=\"7\" duration=\"100\"/>\r\n   <frame tileid=\"8\" duration=\"100\"/>\r\n   <frame tileid=\"9\" duration=\"100\"/>\r\n   <frame tileid=\"10\" duration=\"100\"/>\r\n   <frame tileid=\"11\" duration=\"100\"/>\r\n   <frame tileid=\"12\" duration=\"100\"/>\r\n   <frame tileid=\"13\" duration=\"100\"/>\r\n   <frame tileid=\"14\" duration=\"100\"/>\r\n   <frame tileid=\"15\" duration=\"100\"/>\r\n   <frame tileid=\"16\" duration=\"100\"/>\r\n   <frame tileid=\"17\" duration=\"100\"/>\r\n   <frame tileid=\"18\" duration=\"100\"/>\r\n   <frame tileid=\"19\" duration=\"100\"/>\r\n   <frame tileid=\"20\" duration=\"100\"/>\r\n   <frame tileid=\"21\" duration=\"100\"/>\r\n   <frame tileid=\"22\" duration=\"100\"/>\r\n   <frame tileid=\"23\" duration=\"100\"/>\r\n  </animation>\r\n </tile>\r\n</tileset>\r\n"
}