{
  "__type__": "cc.AnimationClip",
  "_name": "run",
  "_objFlags": 0,
  "_native": "",
  "_duration": 0.6,
  "sample": 10,
  "speed": 0.8,
  "wrapMode": 2,
  "curveData": {
    "comps": {
      "cc.Sprite": {
        "spriteFrame": [
          {
            "frame": 0,
            "value": {
              "__uuid__": "42cde028-b947-44a8-9f20-923ea14e8fca"
            }
          },
          {
            "frame": 0.1,
            "value": {
              "__uuid__": "174fc20e-0a43-4579-ab91-2447e4cffecb"
            }
          },
          {
            "frame": 0.2,
            "value": {
              "__uuid__": "06ae76d4-fda5-4104-838d-1abc2b2ff069"
            }
          },
          {
            "frame": 0.3,
            "value": {
              "__uuid__": "1e45733a-d6c6-44e8-baa9-d86cd31c09ce"
            }
          },
          {
            "frame": 0.4,
            "value": {
              "__uuid__": "1463ded4-6f20-438c-a06a-c4fccd5588ac"
            }
          },
          {
            "frame": 0.5,
            "value": {
              "__uuid__": "6789ec31-4c94-4741-b48a-d67b2f071dd0"
            }
          }
        ]
      }
    }
  },
  "events": []
}