{
  "__type__": "cc.AnimationClip",
  "_name": "hurt",
  "_objFlags": 0,
  "_native": "",
  "_duration": 0.6,
  "sample": 5,
  "speed": 1,
  "wrapMode": 1,
  "curveData": {
    "comps": {
      "cc.Sprite": {
        "spriteFrame": [
          {
            "frame": 0,
            "value": {
              "__uuid__": "4966d738-15cb-4779-97bc-37baa7f0dcb8"
            }
          },
          {
            "frame": 0.2,
            "value": {
              "__uuid__": "5bc67d52-914e-4287-b54a-1c0715fce88b"
            }
          },
          {
            "frame": 0.4,
            "value": {
              "__uuid__": "57a25179-23b5-4ec4-a181-90ec7729ce6d"
            }
          }
        ]
      }
    }
  },
  "events": []
}