{
  "__type__": "cc.AnimationClip",
  "_name": "hurt",
  "_objFlags": 0,
  "_native": "",
  "_duration": 0.5333333333333333,
  "sample": 15,
  "speed": 1,
  "wrapMode": 1,
  "curveData": {
    "comps": {
      "cc.Sprite": {
        "spriteFrame": [
          {
            "frame": 0,
            "value": {
              "__uuid__": "c81d7e72-6d4d-4c02-9c1b-2df5b1088199"
            }
          },
          {
            "frame": 0.06666666666666667,
            "value": {
              "__uuid__": "0cd50e41-2edc-4ca5-af93-5772d80868e7"
            }
          },
          {
            "frame": 0.13333333333333333,
            "value": {
              "__uuid__": "d6e47d95-2c92-42c9-b2f7-d23a12d3dab7"
            }
          },
          {
            "frame": 0.2,
            "value": {
              "__uuid__": "8dd0586a-a47a-454c-8355-9b81f7d4a99d"
            }
          },
          {
            "frame": 0.26666666666666666,
            "value": {
              "__uuid__": "d236ace5-014f-46b7-a26e-c54c4122a87d"
            }
          },
          {
            "frame": 0.3333333333333333,
            "value": {
              "__uuid__": "2fd257e7-0538-4d36-a89c-1bf21a81b7d1"
            }
          },
          {
            "frame": 0.4,
            "value": {
              "__uuid__": "b869f536-0ab9-40e0-abe8-26ec1ac26e96"
            }
          },
          {
            "frame": 0.4666666666666667,
            "value": {
              "__uuid__": "26777048-1096-4bd0-a190-ce9bd1b845b7"
            }
          }
        ]
      }
    }
  },
  "events": []
}