{
  "__type__": "cc.AnimationClip",
  "_name": "attack2",
  "_objFlags": 0,
  "_native": "",
  "_duration": 0.7,
  "sample": 10,
  "speed": 1,
  "wrapMode": 1,
  "curveData": {
    "comps": {
      "cc.Sprite": {
        "spriteFrame": [
          {
            "frame": 0,
            "value": {
              "__uuid__": "4fabcbd3-7f58-44ac-9cf4-b318662547f9"
            }
          },
          {
            "frame": 0.1,
            "value": {
              "__uuid__": "726bd545-2839-49cd-9596-e36e2995af66"
            }
          },
          {
            "frame": 0.2,
            "value": {
              "__uuid__": "81c562fc-db57-4d08-8e55-c7ae591cd665"
            }
          },
          {
            "frame": 0.3,
            "value": {
              "__uuid__": "2786a915-e1a8-4268-b4d3-2f28833af424"
            }
          },
          {
            "frame": 0.4,
            "value": {
              "__uuid__": "351447d9-741e-439c-8db4-7d0a973dcd31"
            }
          },
          {
            "frame": 0.5,
            "value": {
              "__uuid__": "ccaf6efd-a846-4cbf-987d-da99e866d65c"
            }
          },
          {
            "frame": 0.6,
            "value": {
              "__uuid__": "ef8392a7-5ef4-4809-9ed8-a25289f94eb5"
            }
          }
        ]
      },
      "cc.BoxCollider": {
        "offset": [
          {
            "frame": 0,
            "value": {
              "__type__": "cc.Vec2",
              "x": 0,
              "y": 0
            },
            "curve": "constant"
          },
          {
            "frame": 0.4,
            "value": {
              "__type__": "cc.Vec2",
              "x": 0,
              "y": 25.4
            }
          },
          {
            "frame": 0.5,
            "value": {
              "__type__": "cc.Vec2",
              "x": 0,
              "y": 0
            }
          }
        ],
        "size": [
          {
            "frame": 0,
            "value": {
              "__type__": "cc.Size",
              "width": 0,
              "height": 0
            },
            "curve": "constant"
          },
          {
            "frame": 0.4,
            "value": {
              "__type__": "cc.Size",
              "width": 108.6,
              "height": 53.2
            }
          },
          {
            "frame": 0.5,
            "value": {
              "__type__": "cc.Size",
              "width": 0,
              "height": 0
            }
          }
        ]
      }
    },
    "props": {
      "position": [
        {
          "frame": 0,
          "value": [
            0,
            0,
            0
          ],
          "curve": "constant"
        },
        {
          "frame": 0.4,
          "value": [
            25,
            0,
            0
          ],
          "curve": "constant"
        },
        {
          "frame": 0.6,
          "value": [
            0,
            0,
            0
          ]
        }
      ]
    }
  },
  "events": []
}