{
  "__type__": "cc.TextAsset",
  "_name": "smoke",
  "_objFlags": 0,
  "_native": "",
  "text": "<?xml version=\"1.0\" encoding=\"UTF-8\"?>\r\n<tileset version=\"1.5\" tiledversion=\"1.7.0\" name=\"smoke_strip110\" tilewidth=\"32\" tileheight=\"64\" spacing=\"2\" margin=\"2\" tilecount=\"110\" columns=\"110\">\r\n <image source=\"smoke_strip110.png\" width=\"3740\" height=\"82\"/>\r\n <tile id=\"0\">\r\n  <animation>\r\n   <frame tileid=\"0\" duration=\"200\"/>\r\n   <frame tileid=\"1\" duration=\"200\"/>\r\n   <frame tileid=\"2\" duration=\"200\"/>\r\n   <frame tileid=\"3\" duration=\"200\"/>\r\n   <frame tileid=\"4\" duration=\"200\"/>\r\n   <frame tileid=\"5\" duration=\"200\"/>\r\n   <frame tileid=\"6\" duration=\"200\"/>\r\n   <frame tileid=\"7\" duration=\"200\"/>\r\n   <frame tileid=\"8\" duration=\"200\"/>\r\n   <frame tileid=\"9\" duration=\"200\"/>\r\n   <frame tileid=\"10\" duration=\"200\"/>\r\n   <frame tileid=\"11\" duration=\"200\"/>\r\n   <frame tileid=\"12\" duration=\"200\"/>\r\n   <frame tileid=\"13\" duration=\"200\"/>\r\n   <frame tileid=\"14\" duration=\"200\"/>\r\n   <frame tileid=\"15\" duration=\"200\"/>\r\n   <frame tileid=\"16\" duration=\"200\"/>\r\n   <frame tileid=\"17\" duration=\"200\"/>\r\n   <frame tileid=\"18\" duration=\"200\"/>\r\n   <frame tileid=\"19\" duration=\"200\"/>\r\n   <frame tileid=\"20\" duration=\"200\"/>\r\n   <frame tileid=\"21\" duration=\"200\"/>\r\n   <frame tileid=\"22\" duration=\"200\"/>\r\n   <frame tileid=\"23\" duration=\"200\"/>\r\n   <frame tileid=\"24\" duration=\"200\"/>\r\n   <frame tileid=\"25\" duration=\"200\"/>\r\n   <frame tileid=\"26\" duration=\"200\"/>\r\n   <frame tileid=\"27\" duration=\"200\"/>\r\n   <frame tileid=\"28\" duration=\"200\"/>\r\n   <frame tileid=\"29\" duration=\"200\"/>\r\n   <frame tileid=\"30\" duration=\"200\"/>\r\n   <frame tileid=\"31\" duration=\"200\"/>\r\n   <frame tileid=\"32\" duration=\"200\"/>\r\n   <frame tileid=\"33\" duration=\"200\"/>\r\n   <frame tileid=\"34\" duration=\"200\"/>\r\n   <frame tileid=\"35\" duration=\"200\"/>\r\n   <frame tileid=\"36\" duration=\"200\"/>\r\n   <frame tileid=\"37\" duration=\"200\"/>\r\n   <frame tileid=\"38\" duration=\"200\"/>\r\n   <frame tileid=\"39\" duration=\"200\"/>\r\n   <frame tileid=\"40\" duration=\"200\"/>\r\n   <frame tileid=\"41\" duration=\"200\"/>\r\n   <frame tileid=\"42\" duration=\"200\"/>\r\n   <frame tileid=\"43\" duration=\"200\"/>\r\n   <frame tileid=\"44\" duration=\"200\"/>\r\n   <frame tileid=\"45\" duration=\"200\"/>\r\n   <frame tileid=\"46\" duration=\"200\"/>\r\n   <frame tileid=\"47\" duration=\"200\"/>\r\n   <frame tileid=\"48\" duration=\"200\"/>\r\n   <frame tileid=\"49\" duration=\"200\"/>\r\n   <frame tileid=\"50\" duration=\"200\"/>\r\n   <frame tileid=\"51\" duration=\"200\"/>\r\n   <frame tileid=\"52\" duration=\"200\"/>\r\n   <frame tileid=\"53\" duration=\"200\"/>\r\n   <frame tileid=\"54\" duration=\"200\"/>\r\n   <frame tileid=\"55\" duration=\"200\"/>\r\n   <frame tileid=\"56\" duration=\"200\"/>\r\n   <frame tileid=\"57\" duration=\"200\"/>\r\n   <frame tileid=\"58\" duration=\"200\"/>\r\n   <frame tileid=\"59\" duration=\"200\"/>\r\n   <frame tileid=\"60\" duration=\"200\"/>\r\n   <frame tileid=\"61\" duration=\"200\"/>\r\n   <frame tileid=\"62\" duration=\"200\"/>\r\n   <frame tileid=\"63\" duration=\"200\"/>\r\n   <frame tileid=\"64\" duration=\"200\"/>\r\n   <frame tileid=\"65\" duration=\"200\"/>\r\n   <frame tileid=\"66\" duration=\"200\"/>\r\n   <frame tileid=\"67\" duration=\"200\"/>\r\n   <frame tileid=\"68\" duration=\"200\"/>\r\n   <frame tileid=\"69\" duration=\"200\"/>\r\n   <frame tileid=\"70\" duration=\"200\"/>\r\n   <frame tileid=\"71\" duration=\"200\"/>\r\n   <frame tileid=\"72\" duration=\"200\"/>\r\n   <frame tileid=\"73\" duration=\"200\"/>\r\n   <frame tileid=\"74\" duration=\"200\"/>\r\n   <frame tileid=\"75\" duration=\"200\"/>\r\n   <frame tileid=\"76\" duration=\"200\"/>\r\n   <frame tileid=\"77\" duration=\"200\"/>\r\n   <frame tileid=\"78\" duration=\"200\"/>\r\n   <frame tileid=\"79\" duration=\"200\"/>\r\n   <frame tileid=\"80\" duration=\"200\"/>\r\n   <frame tileid=\"81\" duration=\"200\"/>\r\n   <frame tileid=\"82\" duration=\"200\"/>\r\n   <frame tileid=\"83\" duration=\"200\"/>\r\n   <frame tileid=\"84\" duration=\"200\"/>\r\n   <frame tileid=\"85\" duration=\"200\"/>\r\n   <frame tileid=\"86\" duration=\"200\"/>\r\n   <frame tileid=\"87\" duration=\"200\"/>\r\n   <frame tileid=\"88\" duration=\"200\"/>\r\n   <frame tileid=\"89\" duration=\"200\"/>\r\n   <frame tileid=\"90\" duration=\"200\"/>\r\n   <frame tileid=\"91\" duration=\"200\"/>\r\n   <frame tileid=\"92\" duration=\"200\"/>\r\n   <frame tileid=\"93\" duration=\"200\"/>\r\n   <frame tileid=\"94\" duration=\"200\"/>\r\n   <frame tileid=\"95\" duration=\"200\"/>\r\n   <frame tileid=\"96\" duration=\"200\"/>\r\n   <frame tileid=\"97\" duration=\"200\"/>\r\n   <frame tileid=\"98\" duration=\"200\"/>\r\n   <frame tileid=\"99\" duration=\"200\"/>\r\n   <frame tileid=\"100\" duration=\"200\"/>\r\n   <frame tileid=\"101\" duration=\"200\"/>\r\n   <frame tileid=\"102\" duration=\"200\"/>\r\n   <frame tileid=\"103\" duration=\"200\"/>\r\n   <frame tileid=\"104\" duration=\"200\"/>\r\n   <frame tileid=\"105\" duration=\"200\"/>\r\n   <frame tileid=\"106\" duration=\"200\"/>\r\n   <frame tileid=\"107\" duration=\"200\"/>\r\n   <frame tileid=\"108\" duration=\"200\"/>\r\n   <frame tileid=\"109\" duration=\"200\"/>\r\n  </animation>\r\n </tile>\r\n <tile id=\"81\">\r\n  <animation>\r\n   <frame tileid=\"0\" duration=\"200\"/>\r\n   <frame tileid=\"1\" duration=\"200\"/>\r\n   <frame tileid=\"2\" duration=\"200\"/>\r\n   <frame tileid=\"3\" duration=\"200\"/>\r\n   <frame tileid=\"4\" duration=\"200\"/>\r\n   <frame tileid=\"5\" duration=\"200\"/>\r\n   <frame tileid=\"6\" duration=\"200\"/>\r\n   <frame tileid=\"7\" duration=\"200\"/>\r\n   <frame tileid=\"8\" duration=\"200\"/>\r\n   <frame tileid=\"9\" duration=\"200\"/>\r\n   <frame tileid=\"10\" duration=\"200\"/>\r\n   <frame tileid=\"11\" duration=\"200\"/>\r\n   <frame tileid=\"12\" duration=\"200\"/>\r\n   <frame tileid=\"13\" duration=\"200\"/>\r\n   <frame tileid=\"14\" duration=\"200\"/>\r\n   <frame tileid=\"15\" duration=\"200\"/>\r\n   <frame tileid=\"16\" duration=\"200\"/>\r\n   <frame tileid=\"17\" duration=\"200\"/>\r\n   <frame tileid=\"18\" duration=\"200\"/>\r\n   <frame tileid=\"19\" duration=\"200\"/>\r\n   <frame tileid=\"20\" duration=\"200\"/>\r\n   <frame tileid=\"21\" duration=\"200\"/>\r\n   <frame tileid=\"22\" duration=\"200\"/>\r\n   <frame tileid=\"23\" duration=\"200\"/>\r\n   <frame tileid=\"24\" duration=\"200\"/>\r\n   <frame tileid=\"25\" duration=\"200\"/>\r\n   <frame tileid=\"26\" duration=\"200\"/>\r\n   <frame tileid=\"27\" duration=\"200\"/>\r\n   <frame tileid=\"28\" duration=\"200\"/>\r\n   <frame tileid=\"29\" duration=\"200\"/>\r\n   <frame tileid=\"30\" duration=\"200\"/>\r\n   <frame tileid=\"31\" duration=\"200\"/>\r\n   <frame tileid=\"32\" duration=\"200\"/>\r\n   <frame tileid=\"33\" duration=\"200\"/>\r\n   <frame tileid=\"34\" duration=\"200\"/>\r\n   <frame tileid=\"35\" duration=\"200\"/>\r\n   <frame tileid=\"36\" duration=\"200\"/>\r\n   <frame tileid=\"37\" duration=\"200\"/>\r\n   <frame tileid=\"38\" duration=\"200\"/>\r\n   <frame tileid=\"39\" duration=\"200\"/>\r\n   <frame tileid=\"40\" duration=\"200\"/>\r\n   <frame tileid=\"41\" duration=\"200\"/>\r\n   <frame tileid=\"42\" duration=\"200\"/>\r\n   <frame tileid=\"43\" duration=\"200\"/>\r\n   <frame tileid=\"44\" duration=\"200\"/>\r\n   <frame tileid=\"45\" duration=\"200\"/>\r\n   <frame tileid=\"46\" duration=\"200\"/>\r\n   <frame tileid=\"47\" duration=\"200\"/>\r\n   <frame tileid=\"48\" duration=\"200\"/>\r\n   <frame tileid=\"49\" duration=\"200\"/>\r\n   <frame tileid=\"50\" duration=\"200\"/>\r\n   <frame tileid=\"51\" duration=\"200\"/>\r\n   <frame tileid=\"52\" duration=\"200\"/>\r\n   <frame tileid=\"53\" duration=\"200\"/>\r\n   <frame tileid=\"54\" duration=\"200\"/>\r\n   <frame tileid=\"55\" duration=\"200\"/>\r\n   <frame tileid=\"56\" duration=\"200\"/>\r\n   <frame tileid=\"57\" duration=\"200\"/>\r\n   <frame tileid=\"58\" duration=\"200\"/>\r\n   <frame tileid=\"59\" duration=\"200\"/>\r\n   <frame tileid=\"60\" duration=\"200\"/>\r\n   <frame tileid=\"61\" duration=\"200\"/>\r\n   <frame tileid=\"62\" duration=\"200\"/>\r\n   <frame tileid=\"63\" duration=\"200\"/>\r\n   <frame tileid=\"64\" duration=\"200\"/>\r\n   <frame tileid=\"65\" duration=\"200\"/>\r\n   <frame tileid=\"66\" duration=\"200\"/>\r\n   <frame tileid=\"67\" duration=\"200\"/>\r\n   <frame tileid=\"68\" duration=\"200\"/>\r\n   <frame tileid=\"69\" duration=\"200\"/>\r\n   <frame tileid=\"70\" duration=\"200\"/>\r\n   <frame tileid=\"71\" duration=\"200\"/>\r\n   <frame tileid=\"72\" duration=\"200\"/>\r\n   <frame tileid=\"74\" duration=\"200\"/>\r\n   <frame tileid=\"73\" duration=\"200\"/>\r\n   <frame tileid=\"75\" duration=\"200\"/>\r\n   <frame tileid=\"76\" duration=\"200\"/>\r\n   <frame tileid=\"77\" duration=\"200\"/>\r\n   <frame tileid=\"78\" duration=\"200\"/>\r\n   <frame tileid=\"79\" duration=\"200\"/>\r\n   <frame tileid=\"80\" duration=\"200\"/>\r\n   <frame tileid=\"81\" duration=\"200\"/>\r\n   <frame tileid=\"82\" duration=\"200\"/>\r\n   <frame tileid=\"83\" duration=\"200\"/>\r\n   <frame tileid=\"84\" duration=\"200\"/>\r\n   <frame tileid=\"85\" duration=\"200\"/>\r\n   <frame tileid=\"86\" duration=\"200\"/>\r\n   <frame tileid=\"87\" duration=\"200\"/>\r\n   <frame tileid=\"88\" duration=\"200\"/>\r\n   <frame tileid=\"89\" duration=\"200\"/>\r\n   <frame tileid=\"90\" duration=\"200\"/>\r\n   <frame tileid=\"91\" duration=\"200\"/>\r\n   <frame tileid=\"92\" duration=\"200\"/>\r\n   <frame tileid=\"93\" duration=\"200\"/>\r\n   <frame tileid=\"94\" duration=\"200\"/>\r\n   <frame tileid=\"95\" duration=\"200\"/>\r\n   <frame tileid=\"96\" duration=\"200\"/>\r\n   <frame tileid=\"97\" duration=\"200\"/>\r\n   <frame tileid=\"98\" duration=\"200\"/>\r\n   <frame tileid=\"99\" duration=\"200\"/>\r\n   <frame tileid=\"100\" duration=\"200\"/>\r\n   <frame tileid=\"101\" duration=\"200\"/>\r\n   <frame tileid=\"102\" duration=\"200\"/>\r\n   <frame tileid=\"103\" duration=\"200\"/>\r\n   <frame tileid=\"104\" duration=\"200\"/>\r\n   <frame tileid=\"105\" duration=\"200\"/>\r\n   <frame tileid=\"106\" duration=\"200\"/>\r\n   <frame tileid=\"107\" duration=\"200\"/>\r\n   <frame tileid=\"108\" duration=\"200\"/>\r\n   <frame tileid=\"109\" duration=\"200\"/>\r\n  </animation>\r\n </tile>\r\n</tileset>\r\n"
}