{
  "__type__": "cc.AnimationClip",
  "_name": "getup",
  "_objFlags": 0,
  "_native": "",
  "_duration": 0.875,
  "sample": 8,
  "speed": 1,
  "wrapMode": 1,
  "curveData": {
    "comps": {
      "cc.Sprite": {
        "spriteFrame": [
          {
            "frame": 0,
            "value": {
              "__uuid__": "e97ac776-0063-44fc-b0b2-70248fae7513"
            }
          },
          {
            "frame": 0.125,
            "value": {
              "__uuid__": "98e9fb73-5dbe-4792-b372-5bc4486c846a"
            }
          },
          {
            "frame": 0.25,
            "value": {
              "__uuid__": "9d033b0c-6954-45cb-b64a-b6aaed4993b9"
            }
          },
          {
            "frame": 0.375,
            "value": {
              "__uuid__": "cac0bbac-b8f1-4c69-a106-423e54e08ed4"
            }
          },
          {
            "frame": 0.5,
            "value": {
              "__uuid__": "6eab2066-2726-4046-8290-1f86c929366f"
            }
          },
          {
            "frame": 0.625,
            "value": {
              "__uuid__": "e22aa030-22ea-481e-b55e-97b857eab657"
            }
          },
          {
            "frame": 0.75,
            "value": {
              "__uuid__": "a9c63838-38d4-4702-8c53-c020bf573838"
            }
          }
        ]
      }
    }
  },
  "events": [
    {
      "frame": 0.875,
      "func": "finshed",
      "params": []
    }
  ]
}