{
  "__type__": "cc.AnimationClip",
  "_name": "airatk",
  "_objFlags": 0,
  "_native": "",
  "_duration": 0.625,
  "sample": 8,
  "speed": 1,
  "wrapMode": 1,
  "curveData": {
    "comps": {
      "cc.Sprite": {
        "spriteFrame": [
          {
            "frame": 0,
            "value": {
              "__uuid__": "b6116935-8006-4616-8010-3ad845a723fa"
            }
          },
          {
            "frame": 0.125,
            "value": {
              "__uuid__": "8fe55afc-3fe3-45fc-9158-1d9eec9a2509"
            }
          },
          {
            "frame": 0.375,
            "value": {
              "__uuid__": "c5d77824-3dc4-4e33-9c8a-9554e2356183"
            }
          },
          {
            "frame": 0.5,
            "value": {
              "__uuid__": "0e64d5cf-bb8b-48c0-a45d-489590e0caf5"
            }
          }
        ]
      },
      "cc.BoxCollider": {
        "offset": [
          {
            "frame": 0,
            "value": {
              "__type__": "cc.Vec2",
              "x": 0,
              "y": 0
            },
            "curve": "constant"
          },
          {
            "frame": 0.125,
            "value": {
              "__type__": "cc.Vec2",
              "x": -9.1,
              "y": 14.4
            }
          },
          {
            "frame": 0.375,
            "value": {
              "__type__": "cc.Vec2",
              "x": 0,
              "y": 0
            }
          }
        ],
        "size": [
          {
            "frame": 0,
            "value": {
              "__type__": "cc.Size",
              "width": 0,
              "height": 0
            },
            "curve": "constant"
          },
          {
            "frame": 0.125,
            "value": {
              "__type__": "cc.Size",
              "width": 33.7,
              "height": 28.9
            }
          },
          {
            "frame": 0.375,
            "value": {
              "__type__": "cc.Size",
              "width": 0,
              "height": 0
            }
          }
        ]
      }
    }
  },
  "events": []
}