{
  "__type__": "cc.AnimationClip",
  "_name": "idle",
  "_objFlags": 0,
  "_native": "",
  "_duration": 1.8,
  "sample": 5,
  "speed": 1,
  "wrapMode": 2,
  "curveData": {
    "comps": {
      "cc.Sprite": {
        "spriteFrame": [
          {
            "frame": 0,
            "value": {
              "__uuid__": "c26c2351-acb7-4a7b-98c3-66633009dfbb"
            }
          },
          {
            "frame": 0.2,
            "value": {
              "__uuid__": "02ea32db-62ab-4bfe-a92c-6e988e05e3cb"
            }
          },
          {
            "frame": 0.4,
            "value": {
              "__uuid__": "6dfe4ed4-1e7d-49b7-b0b5-44c330c418f5"
            }
          },
          {
            "frame": 0.6,
            "value": {
              "__uuid__": "5b586dbb-1d17-43d4-89d7-5e0a915c9caf"
            }
          },
          {
            "frame": 0.8,
            "value": {
              "__uuid__": "3b480f88-9950-494c-8311-9955ce410590"
            }
          },
          {
            "frame": 1,
            "value": {
              "__uuid__": "ec834f97-d7a5-493e-a837-b69298d6aac3"
            }
          },
          {
            "frame": 1.2,
            "value": {
              "__uuid__": "7535ca18-06f8-4601-992d-c253553f35db"
            }
          },
          {
            "frame": 1.4,
            "value": {
              "__uuid__": "0623d9c8-468e-4264-bbb2-665b169e2bbe"
            }
          },
          {
            "frame": 1.6,
            "value": {
              "__uuid__": "965981e8-56d8-4d19-ba12-7bfb9f495c2e"
            }
          }
        ]
      }
    }
  },
  "events": []
}