{
  "__type__": "cc.AnimationClip",
  "_name": "move",
  "_objFlags": 0,
  "_native": "",
  "_duration": 0.6,
  "sample": 10,
  "speed": 1,
  "wrapMode": 2,
  "curveData": {
    "comps": {
      "cc.Sprite": {
        "spriteFrame": [
          {
            "frame": 0,
            "value": {
              "__uuid__": "9b8071d4-12f1-4762-8052-6b3e2349cdf6"
            }
          },
          {
            "frame": 0.1,
            "value": {
              "__uuid__": "6947b99a-f2cd-4d6e-8b08-c0746a8fa7c2"
            }
          },
          {
            "frame": 0.2,
            "value": {
              "__uuid__": "29cae50a-289f-4c38-b309-5b454094c3ac"
            }
          },
          {
            "frame": 0.3,
            "value": {
              "__uuid__": "977333ae-1aa6-471f-97d6-ff6c1d5b97df"
            }
          },
          {
            "frame": 0.4,
            "value": {
              "__uuid__": "f4970938-87e8-4acb-ad19-0afb10931bf3"
            }
          },
          {
            "frame": 0.5,
            "value": {
              "__uuid__": "ea5feae4-be0a-4dc3-abcd-725cf1ba2fce"
            }
          }
        ]
      }
    }
  },
  "events": []
}