{
  "__type__": "cc.AnimationClip",
  "_name": "attack3",
  "_objFlags": 0,
  "_native": "",
  "_duration": 0.6,
  "sample": 10,
  "speed": 1,
  "wrapMode": 1,
  "curveData": {
    "comps": {
      "cc.Sprite": {
        "spriteFrame": [
          {
            "frame": 0,
            "value": {
              "__uuid__": "22b5dded-f2bc-4ae4-847e-f9893a00cfba"
            }
          },
          {
            "frame": 0.1,
            "value": {
              "__uuid__": "64ac582f-c429-4dcb-b779-54520346a807"
            }
          },
          {
            "frame": 0.2,
            "value": {
              "__uuid__": "8d206fa8-36d7-485f-a678-13d4acd72771"
            }
          },
          {
            "frame": 0.3,
            "value": {
              "__uuid__": "d9067425-1f30-4d62-ad77-76dce41c0383"
            }
          },
          {
            "frame": 0.4,
            "value": {
              "__uuid__": "69156d22-d616-4c22-9d26-d3de677b508a"
            }
          },
          {
            "frame": 0.5,
            "value": {
              "__uuid__": "25ceec79-98c3-4bc0-9649-f9e6340160e0"
            }
          }
        ]
      },
      "cc.BoxCollider": {
        "offset": [
          {
            "frame": 0,
            "value": {
              "__type__": "cc.Vec2",
              "x": 0,
              "y": 0
            },
            "curve": "constant"
          },
          {
            "frame": 0.2,
            "value": {
              "__type__": "cc.Vec2",
              "x": 0,
              "y": 11
            }
          },
          {
            "frame": 0.3,
            "value": {
              "__type__": "cc.Vec2",
              "x": -5,
              "y": 6
            }
          },
          {
            "frame": 0.4,
            "value": {
              "__type__": "cc.Vec2",
              "x": 0,
              "y": 0
            }
          }
        ],
        "size": [
          {
            "frame": 0,
            "value": {
              "__type__": "cc.Size",
              "width": 0,
              "height": 0
            },
            "curve": "constant"
          },
          {
            "frame": 0.2,
            "value": {
              "__type__": "cc.Size",
              "width": 48,
              "height": 23
            }
          },
          {
            "frame": 0.3,
            "value": {
              "__type__": "cc.Size",
              "width": 18,
              "height": 8
            }
          },
          {
            "frame": 0.4,
            "value": {
              "__type__": "cc.Size",
              "width": 0,
              "height": 0
            }
          }
        ]
      }
    }
  },
  "events": [
    {
      "frame": 0.1,
      "func": "soundsword",
      "params": [
        3
      ]
    },
    {
      "frame": 0.6,
      "func": "finshed",
      "params": []
    }
  ]
}