[
  {
    "__type__": "cc.Prefab",
    "_name": "hurteff",
    "_objFlags": 0,
    "_native": "",
    "data": {
      "__id__": 1
    },
    "optimizationPolicy": 0,
    "asyncLoadAssets": false,
    "readonly": false
  },
  {
    "__type__": "cc.Node",
    "_name": "hurteff",
    "_objFlags": 0,
    "_parent": null,
    "_children": [],
    "_active": true,
    "_components": [
      {
        "__id__": 2
      }
    ],
    "_prefab": {
      "__id__": 3
    },
    "_opacity": 255,
    "_color": {
      "__type__": "cc.Color",
      "r": 255,
      "g": 255,
      "b": 255,
      "a": 255
    },
    "_contentSize": {
      "__type__": "cc.Size",
      "width": 0,
      "height": 0
    },
    "_anchorPoint": {
      "__type__": "cc.Vec2",
      "x": 0.5,
      "y": 0.5
    },
    "_trs": {
      "__type__": "TypedArray",
      "ctor": "Float64Array",
      "array": [
        3.751,
        -40.776,
        0,
        0,
        0,
        0,
        1,
        1,
        1,
        1
      ]
    },
    "_eulerAngles": {
      "__type__": "cc.Vec3",
      "x": 0,
      "y": 0,
      "z": 0
    },
    "_skewX": 0,
    "_skewY": 0,
    "_is3DNode": false,
    "_groupIndex": 0,
    "groupIndex": 0,
    "_id": ""
  },
  {
    "__type__": "cc.ParticleSystem",
    "_name": "",
    "_objFlags": 0,
    "node": {
      "__id__": 1
    },
    "_enabled": true,
    "_materials": [
      {
        "__uuid__": "eca5d2f2-8ef6-41c2-bbe6-f9c79d09c432"
      }
    ],
    "_srcBlendFactor": 770,
    "_dstBlendFactor": 1,
    "_custom": true,
    "_file": {
      "__uuid__": "b2687ac4-099e-403c-a192-ff477686f4f5"
    },
    "_spriteFrame": {
      "__uuid__": "472df5d3-35e7-4184-9e6c-7f41bee65ee3"
    },
    "_texture": null,
    "_stopped": true,
    "playOnLoad": true,
    "autoRemoveOnFinish": true,
    "totalParticles": 200,
    "duration": 0.05,
    "emissionRate": 400,
    "life": 0.1,
    "lifeVar": 0.2,
    "_startColor": {
      "__type__": "cc.Color",
      "r": 231,
      "g": 22,
      "b": 22,
      "a": 163
    },
    "_startColorVar": {
      "__type__": "cc.Color",
      "r": 255,
      "g": 255,
      "b": 255,
      "a": 198
    },
    "_endColor": {
      "__type__": "cc.Color",
      "r": 56,
      "g": 27,
      "b": 27,
      "a": 214
    },
    "_endColorVar": {
      "__type__": "cc.Color",
      "r": 255,
      "g": 255,
      "b": 255,
      "a": 188
    },
    "angle": 360,
    "angleVar": 360,
    "startSize": 1,
    "startSizeVar": 2,
    "endSize": 7,
    "endSizeVar": 0,
    "startSpin": -47.369998931884766,
    "startSpinVar": 0,
    "endSpin": -47.369998931884766,
    "endSpinVar": -142.11000061035156,
    "sourcePos": {
      "__type__": "cc.Vec2",
      "x": 0,
      "y": 0
    },
    "posVar": {
      "__type__": "cc.Vec2",
      "x": 7,
      "y": 7
    },
    "_positionType": 1,
    "positionType": 1,
    "emitterMode": 1,
    "gravity": {
      "__type__": "cc.Vec2",
      "x": 0.25,
      "y": 0.8600000143051147
    },
    "speed": 0,
    "speedVar": 190.7899932861328,
    "tangentialAccel": -92.11000061035156,
    "tangentialAccelVar": 65.79000091552734,
    "radialAccel": -671.0499877929688,
    "radialAccelVar": 65.79000091552734,
    "rotationIsDir": false,
    "startRadius": 10,
    "startRadiusVar": 5,
    "endRadius": 22,
    "endRadiusVar": 12,
    "rotatePerS": 0,
    "rotatePerSVar": 0,
    "_N$preview": true,
    "_id": ""
  },
  {
    "__type__": "cc.PrefabInfo",
    "root": {
      "__id__": 1
    },
    "asset": {
      "__uuid__": "529f07e1-88ed-4263-9637-f6feb2dd0247"
    },
    "fileId": "",
    "sync": false
  }
]