[
  {
    "__type__": "cc.Prefab",
    "_name": "hero",
    "_objFlags": 0,
    "_native": "",
    "data": {
      "__id__": 1
    },
    "optimizationPolicy": 0,
    "asyncLoadAssets": false,
    "readonly": false
  },
  {
    "__type__": "cc.Node",
    "_name": "hero",
    "_objFlags": 0,
    "_parent": null,
    "_children": [
      {
        "__id__": 2
      },
      {
        "__id__": 10
      }
    ],
    "_active": true,
    "_components": [
      {
        "__id__": 14
      },
      {
        "__id__": 15
      },
      {
        "__id__": 16
      }
    ],
    "_prefab": {
      "__id__": 17
    },
    "_opacity": 255,
    "_color": {
      "__type__": "cc.Color",
      "r": 255,
      "g": 255,
      "b": 255,
      "a": 255
    },
    "_contentSize": {
      "__type__": "cc.Size",
      "width": 511.99999999999994,
      "height": 320
    },
    "_anchorPoint": {
      "__type__": "cc.Vec2",
      "x": 0,
      "y": 0
    },
    "_trs": {
      "__type__": "TypedArray",
      "ctor": "Float64Array",
      "array": [
        -153.196,
        0,
        0,
        0,
        0,
        0,
        1,
        1,
        1,
        1
      ]
    },
    "_eulerAngles": {
      "__type__": "cc.Vec3",
      "x": 0,
      "y": 0,
      "z": 0
    },
    "_skewX": 0,
    "_skewY": 0,
    "_is3DNode": false,
    "_groupIndex": 2,
    "groupIndex": 2,
    "_id": ""
  },
  {
    "__type__": "cc.Node",
    "_name": "body",
    "_objFlags": 0,
    "_parent": {
      "__id__": 1
    },
    "_children": [],
    "_active": true,
    "_components": [
      {
        "__id__": 3
      },
      {
        "__id__": 4
      },
      {
        "__id__": 5
      },
      {
        "__id__": 6
      },
      {
        "__id__": 7
      },
      {
        "__id__": 8
      }
    ],
    "_prefab": {
      "__id__": 9
    },
    "_opacity": 255,
    "_color": {
      "__type__": "cc.Color",
      "r": 255,
      "g": 255,
      "b": 255,
      "a": 255
    },
    "_contentSize": {
      "__type__": "cc.Size",
      "width": 23,
      "height": 27
    },
    "_anchorPoint": {
      "__type__": "cc.Vec2",
      "x": 0.6,
      "y": 0
    },
    "_trs": {
      "__type__": "TypedArray",
      "ctor": "Float64Array",
      "array": [
        0,
        0,
        0,
        0,
        0,
        0,
        1,
        2,
        2,
        4
      ]
    },
    "_eulerAngles": {
      "__type__": "cc.Vec3",
      "x": 0,
      "y": 0,
      "z": 0
    },
    "_skewX": 0,
    "_skewY": 0,
    "_is3DNode": false,
    "_groupIndex": 5,
    "groupIndex": 5,
    "_id": ""
  },
  {
    "__type__": "cc.Sprite",
    "_name": "",
    "_objFlags": 0,
    "node": {
      "__id__": 2
    },
    "_enabled": true,
    "_materials": [
      {
        "__uuid__": "eca5d2f2-8ef6-41c2-bbe6-f9c79d09c432"
      }
    ],
    "_srcBlendFactor": 770,
    "_dstBlendFactor": 771,
    "_spriteFrame": {
      "__uuid__": "2d2f0330-e568-40f2-8a95-808207aba2d3"
    },
    "_type": 0,
    "_sizeMode": 1,
    "_fillType": 0,
    "_fillCenter": {
      "__type__": "cc.Vec2",
      "x": 0,
      "y": 0
    },
    "_fillStart": 0,
    "_fillRange": 0,
    "_isTrimmedMode": true,
    "_atlas": null,
    "_id": ""
  },
  {
    "__type__": "cc.Animation",
    "_name": "",
    "_objFlags": 0,
    "node": {
      "__id__": 2
    },
    "_enabled": true,
    "_defaultClip": {
      "__uuid__": "3d78cb56-9f6c-4dc0-a004-a8a2cf0765ed"
    },
    "_clips": [
      {
        "__uuid__": "3d78cb56-9f6c-4dc0-a004-a8a2cf0765ed"
      },
      {
        "__uuid__": "248bb000-b851-4b31-a7b6-62f75d14eacb"
      },
      {
        "__uuid__": "434d5fe6-09d6-4a8f-9f01-61478592359b"
      },
      {
        "__uuid__": "951ac345-2545-47a4-ae01-a87420b8ed52"
      },
      {
        "__uuid__": "94d8468b-52eb-4397-be7f-80ea05765a5a"
      },
      {
        "__uuid__": "e580b627-66d9-4751-a96d-e36b7ea70bfc"
      },
      {
        "__uuid__": "5c5c4142-4f4f-4bff-bacf-7d404f6e0813"
      },
      {
        "__uuid__": "f754f032-235b-4cae-9934-d88543559878"
      },
      {
        "__uuid__": "9b234b07-53c6-4edf-b424-d8f6c161e064"
      },
      {
        "__uuid__": "3ab9b534-b2f1-43da-b076-fe968f92a864"
      },
      {
        "__uuid__": "711e5710-d0cc-4b31-a269-da0533324c18"
      },
      {
        "__uuid__": "60ea10ef-1336-4bc9-8c8d-0905d0b8be41"
      }
    ],
    "playOnLoad": true,
    "_id": ""
  },
  {
    "__type__": "a402f8tpa1Hg7kO5v6ZvLrl",
    "_name": "",
    "_objFlags": 0,
    "node": {
      "__id__": 2
    },
    "_enabled": true,
    "skill01": {
      "__uuid__": "ac7fa050-ff28-416a-858c-8320ec222722"
    },
    "flySPD": 800,
    "attack1": {
      "__uuid__": "e2a61d9d-dcd2-4807-8417-2ed46f845b3a"
    },
    "attack2": {
      "__uuid__": "6d6b77e4-9ed8-456b-bc95-6c1026e0f1e3"
    },
    "attack3": {
      "__uuid__": "dd009a03-4f18-48ae-b1a7-25333f72bbc2"
    },
    "Anima": null,
    "_id": ""
  },
  {
    "__type__": "cc.AudioSource",
    "_name": "",
    "_objFlags": 0,
    "node": {
      "__id__": 2
    },
    "_enabled": true,
    "_clip": null,
    "_volume": 1,
    "_mute": false,
    "_loop": false,
    "_firstlyEnabled": true,
    "playOnLoad": false,
    "preload": false,
    "_id": ""
  },
  {
    "__type__": "cc.BoxCollider",
    "_name": "",
    "_objFlags": 0,
    "node": {
      "__id__": 2
    },
    "_enabled": true,
    "tag": 1,
    "_offset": {
      "__type__": "cc.Vec2",
      "x": 0,
      "y": 0
    },
    "_size": {
      "__type__": "cc.Size",
      "width": 0,
      "height": 0
    },
    "_id": ""
  },
  {
    "__type__": "c39bbs51r5OX60TIDH5Ekyz",
    "_name": "",
    "_objFlags": 0,
    "node": {
      "__id__": 2
    },
    "_enabled": true,
    "enemy": null,
    "_id": ""
  },
  {
    "__type__": "cc.PrefabInfo",
    "root": {
      "__id__": 1
    },
    "asset": {
      "__uuid__": "52d559a9-c91b-4e11-8bc2-0c09c6689a21"
    },
    "fileId": "4co6S+W3lFHKyiaUG+G2bf",
    "sync": false
  },
  {
    "__type__": "cc.Node",
    "_name": "hurtBox",
    "_objFlags": 0,
    "_parent": {
      "__id__": 1
    },
    "_children": [],
    "_active": true,
    "_components": [
      {
        "__id__": 11
      },
      {
        "__id__": 12
      }
    ],
    "_prefab": {
      "__id__": 13
    },
    "_opacity": 255,
    "_color": {
      "__type__": "cc.Color",
      "r": 255,
      "g": 255,
      "b": 255,
      "a": 255
    },
    "_contentSize": {
      "__type__": "cc.Size",
      "width": 0,
      "height": 0
    },
    "_anchorPoint": {
      "__type__": "cc.Vec2",
      "x": 0.5,
      "y": 0.5
    },
    "_trs": {
      "__type__": "TypedArray",
      "ctor": "Float64Array",
      "array": [
        0,
        0,
        0,
        0,
        0,
        0,
        1,
        1,
        1,
        1
      ]
    },
    "_eulerAngles": {
      "__type__": "cc.Vec3",
      "x": 0,
      "y": 0,
      "z": 0
    },
    "_skewX": 0,
    "_skewY": 0,
    "_is3DNode": false,
    "_groupIndex": 5,
    "groupIndex": 5,
    "_id": ""
  },
  {
    "__type__": "cc.BoxCollider",
    "_name": "",
    "_objFlags": 0,
    "node": {
      "__id__": 10
    },
    "_enabled": true,
    "tag": 3,
    "_offset": {
      "__type__": "cc.Vec2",
      "x": 0.3,
      "y": 26
    },
    "_size": {
      "__type__": "cc.Size",
      "width": 30.6,
      "height": 51.8
    },
    "_id": ""
  },
  {
    "__type__": "c39bbs51r5OX60TIDH5Ekyz",
    "_name": "",
    "_objFlags": 0,
    "node": {
      "__id__": 10
    },
    "_enabled": true,
    "enemy": null,
    "_id": ""
  },
  {
    "__type__": "cc.PrefabInfo",
    "root": {
      "__id__": 1
    },
    "asset": {
      "__uuid__": "52d559a9-c91b-4e11-8bc2-0c09c6689a21"
    },
    "fileId": "17R/tnFxxJCb2I5IdMxXLu",
    "sync": false
  },
  {
    "__type__": "cc.RigidBody",
    "_name": "",
    "_objFlags": 0,
    "node": {
      "__id__": 1
    },
    "_enabled": true,
    "_type": 2,
    "_allowSleep": true,
    "_gravityScale": 1,
    "_linearDamping": 0,
    "_angularDamping": 0,
    "_linearVelocity": {
      "__type__": "cc.Vec2",
      "x": 0,
      "y": 0
    },
    "_angularVelocity": 0,
    "_fixedRotation": true,
    "enabledContactListener": false,
    "bullet": false,
    "awakeOnLoad": true,
    "_id": ""
  },
  {
    "__type__": "cc.PhysicsBoxCollider",
    "_name": "",
    "_objFlags": 0,
    "node": {
      "__id__": 1
    },
    "_enabled": true,
    "tag": 0,
    "_density": 1,
    "_sensor": false,
    "_friction": 0.5,
    "_restitution": 0.2,
    "body": null,
    "_offset": {
      "__type__": "cc.Vec2",
      "x": -5.44,
      "y": 4.53
    },
    "_size": {
      "__type__": "cc.Size",
      "width": 43.8,
      "height": 7.8
    },
    "_id": ""
  },
  {
    "__type__": "f0209I4ouFAG4OSpwVZ8E0R",
    "_name": "",
    "_objFlags": 0,
    "node": {
      "__id__": 1
    },
    "_enabled": true,
    "hurteff": {
      "__uuid__": "529f07e1-88ed-4263-9637-f6feb2dd0247"
    },
    "speed": 60,
    "HpBar": null,
    "MaxHp": 100,
    "_id": ""
  },
  {
    "__type__": "cc.PrefabInfo",
    "root": {
      "__id__": 1
    },
    "asset": {
      "__uuid__": "52d559a9-c91b-4e11-8bc2-0c09c6689a21"
    },
    "fileId": "",
    "sync": false
  }
]