{
  "__type__": "cc.AnimationClip",
  "_name": "die",
  "_objFlags": 0,
  "_native": "",
  "_duration": 1.4,
  "sample": 10,
  "speed": 1,
  "wrapMode": 1,
  "curveData": {
    "comps": {
      "cc.Sprite": {
        "spriteFrame": [
          {
            "frame": 0,
            "value": {
              "__uuid__": "8f386a24-af9b-442d-b4d1-9269e017fbd4"
            }
          },
          {
            "frame": 0.1,
            "value": {
              "__uuid__": "448f760a-395b-4a8a-859c-a4e741782441"
            }
          },
          {
            "frame": 0.2,
            "value": {
              "__uuid__": "f3205b74-fe95-47d4-85b3-82b90a001af6"
            }
          },
          {
            "frame": 0.3,
            "value": {
              "__uuid__": "4196d38c-812b-4ff3-9ba4-87c9aefa9ba5"
            }
          },
          {
            "frame": 0.4,
            "value": {
              "__uuid__": "c6a1bc46-8548-402e-bcc1-2c9e6cf75f2c"
            }
          },
          {
            "frame": 0.5,
            "value": {
              "__uuid__": "e38f9599-c056-4b3c-8d50-ed42552d5e88"
            }
          },
          {
            "frame": 0.6,
            "value": {
              "__uuid__": "7ae66bf9-c74b-4d3c-b4d2-397c620a7b95"
            }
          },
          {
            "frame": 0.7,
            "value": {
              "__uuid__": "71a771df-a635-4ae7-9d84-9bf66d4837e7"
            }
          },
          {
            "frame": 0.8,
            "value": {
              "__uuid__": "a101cc00-d19f-49ac-8bf8-994fe8bb0416"
            }
          },
          {
            "frame": 0.9,
            "value": {
              "__uuid__": "c049fcac-278b-4431-aca3-3c808c35274d"
            }
          },
          {
            "frame": 1,
            "value": {
              "__uuid__": "44082977-b47c-4afd-8dae-9fb0fd9f81b5"
            }
          },
          {
            "frame": 1.1,
            "value": {
              "__uuid__": "5de8fc83-9416-4c59-b3a6-56669b16bb48"
            }
          },
          {
            "frame": 1.2,
            "value": {
              "__uuid__": "643eb9c2-0ea3-4bd8-9c59-a871a765f8de"
            }
          },
          {
            "frame": 1.3,
            "value": {
              "__uuid__": "ff991134-e6ad-4019-b108-6cb581b75613"
            }
          }
        ]
      }
    }
  },
  "events": []
}