{
  "__type__": "cc.AnimationClip",
  "_name": "attack2",
  "_objFlags": 0,
  "_native": "",
  "_duration": 0.3,
  "sample": 20,
  "speed": 1,
  "wrapMode": 1,
  "curveData": {
    "comps": {
      "cc.Sprite": {
        "spriteFrame": [
          {
            "frame": 0,
            "value": {
              "__uuid__": "566fe428-dd61-46f3-81d4-b9f465917efe"
            }
          },
          {
            "frame": 0.05,
            "value": {
              "__uuid__": "5d93d2ce-45a2-4bc8-83f9-a3a08c303801"
            }
          },
          {
            "frame": 0.1,
            "value": {
              "__uuid__": "bdbf2677-2994-4212-85ef-505c643a5052"
            }
          },
          {
            "frame": 0.15,
            "value": {
              "__uuid__": "f86525a2-f6ae-416e-a766-130f9488e285"
            }
          },
          {
            "frame": 0.2,
            "value": {
              "__uuid__": "200574d4-8794-4a92-99e2-f42fb202fc06"
            }
          },
          {
            "frame": 0.25,
            "value": {
              "__uuid__": "37f60cce-6d28-48ad-befd-c13324afffd2"
            }
          }
        ]
      },
      "cc.BoxCollider": {
        "offset": [
          {
            "frame": 0,
            "value": {
              "__type__": "cc.Vec2",
              "x": 0,
              "y": 0
            }
          },
          {
            "frame": 0.05,
            "value": {
              "__type__": "cc.Vec2",
              "x": 0,
              "y": 0
            }
          },
          {
            "frame": 0.1,
            "value": {
              "__type__": "cc.Vec2",
              "x": 0,
              "y": 0
            }
          },
          {
            "frame": 0.15,
            "value": {
              "__type__": "cc.Vec2",
              "x": 0,
              "y": 15
            }
          },
          {
            "frame": 0.2,
            "value": {
              "__type__": "cc.Vec2",
              "x": 0,
              "y": 0
            }
          }
        ],
        "size": [
          {
            "frame": 0,
            "value": {
              "__type__": "cc.Size",
              "width": 0,
              "height": 0
            }
          },
          {
            "frame": 0.05,
            "value": {
              "__type__": "cc.Size",
              "width": 0,
              "height": 0
            }
          },
          {
            "frame": 0.1,
            "value": {
              "__type__": "cc.Size",
              "width": 0,
              "height": 0
            }
          },
          {
            "frame": 0.15,
            "value": {
              "__type__": "cc.Size",
              "width": 38,
              "height": 29
            }
          },
          {
            "frame": 0.2,
            "value": {
              "__type__": "cc.Size",
              "width": 0,
              "height": 0
            }
          }
        ]
      }
    }
  },
  "events": [
    {
      "frame": 0.1,
      "func": "soundsword",
      "params": [
        2
      ]
    },
    {
      "frame": 0.3,
      "func": "finshed",
      "params": []
    }
  ]
}