{
  "__type__": "cc.AnimationClip",
  "_name": "idle",
  "_objFlags": 0,
  "_native": "",
  "_duration": 1,
  "sample": 4,
  "speed": 1,
  "wrapMode": 2,
  "curveData": {
    "comps": {
      "cc.Sprite": {
        "spriteFrame": [
          {
            "frame": 0,
            "value": {
              "__uuid__": "6b553510-0dd5-43fb-a576-12226b00cf79"
            }
          },
          {
            "frame": 0.25,
            "value": {
              "__uuid__": "1e23d44c-dc74-4f70-bac2-95e4a2a958ea"
            }
          },
          {
            "frame": 0.5,
            "value": {
              "__uuid__": "78984d99-8d12-4f1c-a53c-7f3d2779e5d2"
            }
          },
          {
            "frame": 0.75,
            "value": {
              "__uuid__": "ec0dce7b-5146-4568-8f09-344b9a8a580d"
            }
          }
        ]
      }
    }
  },
  "events": []
}