{
  "__type__": "cc.AnimationClip",
  "_name": "skill01",
  "_objFlags": 0,
  "_native": "",
  "_duration": 1.1666666666666667,
  "sample": 6,
  "speed": 1,
  "wrapMode": 1,
  "curveData": {
    "comps": {
      "cc.Sprite": {
        "spriteFrame": [
          {
            "frame": 0,
            "value": {
              "__uuid__": "97a4412d-afb3-4e7b-b07c-6bc0de16356b"
            }
          },
          {
            "frame": 0.16666666666666666,
            "value": {
              "__uuid__": "96702291-82dd-45eb-af5d-2e065527c9ba"
            }
          },
          {
            "frame": 0.3333333333333333,
            "value": {
              "__uuid__": "aa26cc3a-39aa-427d-a796-cf50ad3f88b9"
            }
          },
          {
            "frame": 0.5,
            "value": {
              "__uuid__": "4407a914-92c8-44ae-acc4-df8e1da9dd54"
            }
          },
          {
            "frame": 0.6666666666666666,
            "value": {
              "__uuid__": "deb92206-2c0c-491d-a4c9-bee1d6b4d8fd"
            }
          },
          {
            "frame": 0.8333333333333334,
            "value": {
              "__uuid__": "bd7c04d7-7349-4c39-b9f6-9da7492d51dc"
            }
          },
          {
            "frame": 1,
            "value": {
              "__uuid__": "59f3aab1-df88-4337-ab6c-775e139711ed"
            }
          }
        ]
      }
    },
    "props": {
      "x": [
        {
          "frame": 0,
          "value": 0,
          "curve": "constant"
        },
        {
          "frame": 0.6666666666666666,
          "value": 15
        },
        {
          "frame": 1,
          "value": -5
        }
      ]
    }
  },
  "events": [
    {
      "frame": 0.8333333333333334,
      "func": "skillLaunch",
      "params": []
    },
    {
      "frame": 1.1666666666666667,
      "func": "finshed",
      "params": []
    }
  ]
}