{
  "__type__": "cc.AnimationClip",
  "_name": "die",
  "_objFlags": 0,
  "_native": "",
  "_duration": 0.8,
  "sample": 5,
  "speed": 1,
  "wrapMode": 1,
  "curveData": {
    "comps": {
      "cc.Sprite": {
        "spriteFrame": [
          {
            "frame": 0,
            "value": {
              "__uuid__": "f1aa3770-75b4-48a9-a715-58dafe599dba"
            }
          },
          {
            "frame": 0.2,
            "value": {
              "__uuid__": "b3b84ce6-fa04-4cd4-86d8-8161d44970b1"
            }
          },
          {
            "frame": 0.4,
            "value": {
              "__uuid__": "82a67e97-839b-4034-9c21-6e5da0aab0e1"
            }
          },
          {
            "frame": 0.6,
            "value": {
              "__uuid__": "38cab3f7-b507-467f-b3cd-93fee7567f3d"
            }
          }
        ]
      }
    }
  },
  "events": []
}