{
  "__type__": "cc.AnimationClip",
  "_name": "idle",
  "_objFlags": 0,
  "_native": "",
  "_duration": 0.4,
  "sample": 10,
  "speed": 0.5,
  "wrapMode": 2,
  "curveData": {
    "comps": {
      "cc.Sprite": {
        "spriteFrame": [
          {
            "frame": 0,
            "value": {
              "__uuid__": "2d2f0330-e568-40f2-8a95-808207aba2d3"
            }
          },
          {
            "frame": 0.1,
            "value": {
              "__uuid__": "50ac8cb7-a750-4117-96e3-767da8d57426"
            }
          },
          {
            "frame": 0.2,
            "value": {
              "__uuid__": "3eda4e28-a455-45b5-a458-6eebad5a5a84"
            }
          },
          {
            "frame": 0.3,
            "value": {
              "__uuid__": "da9f42cc-fc45-4183-84c8-e1ff49721f3e"
            }
          }
        ]
      }
    }
  },
  "events": []
}