{
  "__type__": "cc.AnimationClip",
  "_name": "run",
  "_objFlags": 0,
  "_native": "",
  "_duration": 1.3,
  "sample": 10,
  "speed": 1,
  "wrapMode": 2,
  "curveData": {
    "comps": {
      "cc.Sprite": {
        "spriteFrame": [
          {
            "frame": 0,
            "value": {
              "__uuid__": "aa801b7a-228b-46b3-81d3-87baa137833d"
            }
          },
          {
            "frame": 0.1,
            "value": {
              "__uuid__": "6777fef8-0acf-4320-8ca4-4293825f655a"
            }
          },
          {
            "frame": 0.2,
            "value": {
              "__uuid__": "6084a246-e4d4-4a75-ac5a-03e19303c969"
            }
          },
          {
            "frame": 0.3,
            "value": {
              "__uuid__": "d00487c6-9c33-4370-b48e-24e525b241ef"
            }
          },
          {
            "frame": 0.4,
            "value": {
              "__uuid__": "57f2a019-f8e9-4ab6-9b27-de593f9e143a"
            }
          },
          {
            "frame": 0.5,
            "value": {
              "__uuid__": "19fefd60-e1a6-4069-99c2-64d608743a9c"
            }
          },
          {
            "frame": 0.6,
            "value": {
              "__uuid__": "ee7e169d-7f9d-4924-8742-81f093fa9c00"
            }
          },
          {
            "frame": 0.7,
            "value": {
              "__uuid__": "bbd720f3-6bf3-452c-b5ff-eeb4fc94ba39"
            }
          },
          {
            "frame": 0.8,
            "value": {
              "__uuid__": "cc5feb79-597b-4818-adca-82fa9feec0ba"
            }
          },
          {
            "frame": 0.9,
            "value": {
              "__uuid__": "276803c2-8556-4913-a338-90304e0bed4c"
            }
          },
          {
            "frame": 1,
            "value": {
              "__uuid__": "03d4f0f1-fca9-4622-bcb0-b6acc9a4aeaa"
            }
          },
          {
            "frame": 1.1,
            "value": {
              "__uuid__": "1b4d4def-7d0c-4a3b-b144-27f067e450bd"
            }
          },
          {
            "frame": 1.2,
            "value": {
              "__uuid__": "082f8d04-cee1-41ac-9858-d272f70cd778"
            }
          }
        ]
      }
    }
  },
  "events": []
}