{
  "__type__": "cc.AnimationClip",
  "_name": "run",
  "_objFlags": 0,
  "_native": "",
  "_duration": 0.9,
  "sample": 10,
  "speed": 1,
  "wrapMode": 2,
  "curveData": {
    "comps": {
      "cc.Sprite": {
        "spriteFrame": [
          {
            "frame": 0,
            "value": {
              "__uuid__": "657ee0f0-c072-420d-a903-43c640f9ffed"
            }
          },
          {
            "frame": 0.1,
            "value": {
              "__uuid__": "ffbf8eea-7891-430e-bee5-db343835e55d"
            }
          },
          {
            "frame": 0.2,
            "value": {
              "__uuid__": "3644c05b-3c9b-4c8f-95d0-94e0d60d031f"
            }
          },
          {
            "frame": 0.3,
            "value": {
              "__uuid__": "e2e2223e-1abf-4a18-b55f-9e7cad2adf8d"
            }
          },
          {
            "frame": 0.4,
            "value": {
              "__uuid__": "cee3cce3-e9a4-469f-894a-106194e00193"
            }
          },
          {
            "frame": 0.5,
            "value": {
              "__uuid__": "ca9ebeeb-41c9-488a-98fa-6446313bfc96"
            }
          },
          {
            "frame": 0.6,
            "value": {
              "__uuid__": "657ee0f0-c072-420d-a903-43c640f9ffed"
            }
          },
          {
            "frame": 0.7,
            "value": {
              "__uuid__": "dbc2f9c2-4bb9-40ba-9dae-ece0ca1ba003"
            }
          },
          {
            "frame": 0.8,
            "value": {
              "__uuid__": "657ee0f0-c072-420d-a903-43c640f9ffed"
            }
          }
        ]
      }
    },
    "props": {
      "position": []
    }
  },
  "events": []
}