{
  "__type__": "cc.AnimationClip",
  "_name": "attack1",
  "_objFlags": 0,
  "_native": "",
  "_duration": 0.5,
  "sample": 10,
  "speed": 1,
  "wrapMode": 1,
  "curveData": {
    "comps": {
      "cc.Sprite": {
        "spriteFrame": [
          {
            "frame": 0,
            "value": {
              "__uuid__": "b2f4ae76-31a8-41e2-afa9-3cc1184a32fc"
            }
          },
          {
            "frame": 0.1,
            "value": {
              "__uuid__": "d0c65f00-50ca-4dff-9611-d899653f065e"
            }
          },
          {
            "frame": 0.2,
            "value": {
              "__uuid__": "95dd0e15-f686-4c2a-be34-16ade8dc7358"
            }
          },
          {
            "frame": 0.3,
            "value": {
              "__uuid__": "984582cb-bd1e-4d2f-8eb1-e8d39e1aabcd"
            }
          },
          {
            "frame": 0.4,
            "value": {
              "__uuid__": "5635a973-65d2-45a5-b3f9-953bc992552b"
            }
          }
        ]
      },
      "cc.BoxCollider": {
        "offset": [
          {
            "frame": 0,
            "value": {
              "__type__": "cc.Vec2",
              "x": 0,
              "y": 0
            },
            "curve": "constant"
          },
          {
            "frame": 0.2,
            "value": {
              "__type__": "cc.Vec2",
              "x": -0.4,
              "y": 4.2
            },
            "curve": "constant"
          },
          {
            "frame": 0.3,
            "value": {
              "__type__": "cc.Vec2",
              "x": 0,
              "y": 0
            }
          }
        ],
        "size": [
          {
            "frame": 0,
            "value": {
              "__type__": "cc.Size",
              "width": 0,
              "height": 0
            },
            "curve": "constant"
          },
          {
            "frame": 0.2,
            "value": {
              "__type__": "cc.Size",
              "width": 27,
              "height": 35
            },
            "curve": "constant"
          },
          {
            "frame": 0.3,
            "value": {
              "__type__": "cc.Size",
              "width": 0,
              "height": 0
            }
          }
        ]
      }
    }
  },
  "events": [
    {
      "frame": 0.3,
      "func": "soundsword",
      "params": [
        1
      ]
    },
    {
      "frame": 0.5,
      "func": "finshed",
      "params": []
    }
  ]
}