{
  "__type__": "cc.AnimationClip",
  "_name": "die",
  "_objFlags": 0,
  "_native": "",
  "_duration": 1,
  "sample": 7,
  "speed": 1,
  "wrapMode": 1,
  "curveData": {
    "comps": {
      "cc.Sprite": {
        "spriteFrame": [
          {
            "frame": 0,
            "value": {
              "__uuid__": "0bf9c99c-913c-4f94-9932-a99536e5b73e"
            }
          },
          {
            "frame": 0.14285714285714285,
            "value": {
              "__uuid__": "e3f939bb-533d-4bb9-b121-68d9f17e8613"
            }
          },
          {
            "frame": 0.2857142857142857,
            "value": {
              "__uuid__": "00644e6a-45fd-48ed-adee-ba343caf981b"
            }
          },
          {
            "frame": 0.42857142857142855,
            "value": {
              "__uuid__": "9fa7cc44-f7b5-46a3-8357-6e7c1acfada6"
            }
          },
          {
            "frame": 0.5714285714285714,
            "value": {
              "__uuid__": "9c0a2218-935d-4cd3-bf59-cebff20f7619"
            }
          },
          {
            "frame": 0.7142857142857143,
            "value": {
              "__uuid__": "6a3b337b-1271-44a2-8de0-07727f6424e9"
            }
          },
          {
            "frame": 0.8571428571428571,
            "value": {
              "__uuid__": "75d60e12-d0f5-448e-be4e-01b222588dc1"
            }
          }
        ]
      }
    }
  },
  "events": []
}