{
  "__type__": "cc.AnimationClip",
  "_name": "idle",
  "_objFlags": 0,
  "_native": "",
  "_duration": 1,
  "sample": 5,
  "speed": 1,
  "wrapMode": 22,
  "curveData": {
    "comps": {
      "cc.Sprite": {
        "spriteFrame": [
          {
            "frame": 0,
            "value": {
              "__uuid__": "5fc119eb-4c2e-4f87-9241-e64e59cacc74"
            }
          },
          {
            "frame": 0.2,
            "value": {
              "__uuid__": "0ed5dd48-57ec-4547-a0e0-7c015f79a2df"
            }
          },
          {
            "frame": 0.4,
            "value": {
              "__uuid__": "7636cdfd-3bbd-4860-b479-0f4b657255fc"
            }
          },
          {
            "frame": 0.6,
            "value": {
              "__uuid__": "df212fc9-5525-4cd9-a845-1fc79fa6f3ba"
            }
          },
          {
            "frame": 0.8,
            "value": {
              "__uuid__": "3d78b8fb-8668-47ce-98f6-74637fb82804"
            }
          }
        ]
      }
    }
  },
  "events": []
}