{
  "__type__": "cc.AnimationClip",
  "_name": "run",
  "_objFlags": 0,
  "_native": "",
  "_duration": 0.9,
  "sample": 10,
  "speed": 1,
  "wrapMode": 2,
  "curveData": {
    "comps": {
      "cc.Sprite": {
        "spriteFrame": [
          {
            "frame": 0,
            "value": {
              "__uuid__": "15946ea1-c3a9-48b3-bd05-4980a138ebde"
            }
          },
          {
            "frame": 0.1,
            "value": {
              "__uuid__": "1a68f406-8675-4651-932b-bd812971fe31"
            }
          },
          {
            "frame": 0.2,
            "value": {
              "__uuid__": "8d120106-71f3-426a-a043-32d58b7d59e1"
            }
          },
          {
            "frame": 0.3,
            "value": {
              "__uuid__": "fa1f40b0-4f33-4650-a536-87db233b350f"
            }
          },
          {
            "frame": 0.4,
            "value": {
              "__uuid__": "d67b4e43-be20-44e5-8fcb-b9356521c1df"
            }
          },
          {
            "frame": 0.5,
            "value": {
              "__uuid__": "bc88dd39-44fb-4f94-af42-abb1df45cbc4"
            }
          },
          {
            "frame": 0.6,
            "value": {
              "__uuid__": "839eb89f-e0b9-4e71-b497-76acfea54b97"
            }
          },
          {
            "frame": 0.7,
            "value": {
              "__uuid__": "5a9193e9-fa95-424e-8283-98877c9fd379"
            }
          },
          {
            "frame": 0.8,
            "value": {
              "__uuid__": "e526df68-949d-42f7-b4a3-841d598933a0"
            }
          }
        ]
      }
    }
  },
  "events": []
}