{
  "__type__": "cc.AnimationClip",
  "_name": "run",
  "_objFlags": 0,
  "_native": "",
  "_duration": 0.8,
  "sample": 5,
  "speed": 1,
  "wrapMode": 2,
  "curveData": {
    "comps": {
      "cc.Sprite": {
        "spriteFrame": [
          {
            "frame": 0,
            "value": {
              "__uuid__": "7e68dfea-3fcf-484a-83d0-2f53a61c5ea9"
            }
          },
          {
            "frame": 0.2,
            "value": {
              "__uuid__": "cf5a8ae9-8316-4ac4-b21f-5f109f2c70ac"
            }
          },
          {
            "frame": 0.4,
            "value": {
              "__uuid__": "b97ed4dd-4791-4e8e-ad94-ea56390be333"
            }
          },
          {
            "frame": 0.6,
            "value": {
              "__uuid__": "22fd7537-4b14-46d7-8df9-5fb32a2c4bbb"
            }
          }
        ]
      }
    }
  },
  "events": []
}